Workbook

Sheet 00_Anleitung
B1: Vorlage: Countermovement Jump mit Smartphone-Sensorik auswerten
B2: Seminar „Physik der Sportarten“ – Aufgabe 5 (Tag 2). Fassung SS 2026.
B4: Was diese Vorlage macht
B5: Sie bestimmt die Sprunghoehe auf zwei unabhaengigen Wegen und stellt beide gegenueber:
B6: • Methode A – aus der Flugzeit: h = g · t_Flug² / 8
B7: • Methode B – aus dem Nettoimpuls: J = ∫(F − GF) dt, v = J / m, h = v² / (2g)
B8: Dass beide Wege unterschiedliche Werte liefern, ist erwartbar und der eigentliche Lerngegenstand.
B10: Wichtig: Welche phyphox-Aufnahme wird gebraucht?
B11: Diese Vorlage benoetigt die Beschleunigung MIT Erdbeschleunigung, also das phyphox-Experiment
B12: • „Beschleunigung mit g“ bzw. „Acceleration with g“
B13: Grund: Die Gewichtskraft dient als Bezugslinie. Im ruhigen Stand muss das Signal etwa 9,81 m/s² bzw. etwa 1 g anzeigen. Bei einer Aufnahme OHNE g liegt der Ruhewert bei 0 und die Nettokraft-Rechnung ergibt keinen sinnvollen Wert.
B15: Schritt fuer Schritt
... B36: Blatt 04_Ergebnis nutzt die Funktionen MINWENNS und MAXWENNS (Excel 2019, Microsoft 365 oder LibreOffice 7). Bei aelteren Versionen koennen Absprung- und Landezeit stattdessen von Hand in die gelben Ersatzfelder eingetragen werden.

Sheet 01_Rohdaten
A1: Zeit t [s] | B1: a_x | C1: a_y | D1: a_z | F1: phyphox-Export hier ab Zeile 2 einfuegen (Experiment: Beschleunigung MIT g).
A2: 0.02 | B2: -0.064 | C2: 1.031 | D2: 0.029 | F2: Spalte A = Zeit in Sekunden. Spalten B/C/D = die drei Beschleunigungsachsen.
A3: 0.02 | B3: -0.069 | C3: 1.027 | D3: 0.03 | F3: Welche Achse die vertikale ist, wird auf Blatt 02_Eingaben festgelegt.
A4: 0.021 | B4: -0.072 | C4: 1.021 | D4: 0.033
A5: 0.021 | B5: -0.073 | C5: 1.014 | D5: 0.039
A6: 0.024 | B6: -0.068 | C6: 1.013 | D6: 0.054
A7: 0.027 | B7: -0.059 | C7: 1.011 | D7: 0.068
A8: 0.037 | B8: -0.054 | C8: 1.008 | D8: 0.072
A9: 0.037 | B9: -0.054 | C9: 1.008 | D9: 0.072
A10: 0.038 | B10: -0.052 | C10: 1.004 | D10: 0.08
A11: 0.042 | B11: -0.052 | C11: 1.004 | D11: 0.08
A12: 0.051 | B12: -0.043 | C12: 1.004 | D12: 0.086
A13: 0.052 | B13: -0.037 | C13: 1.005 | D13: 0.083
A14: 0.057 | B14: -0.026 | C14: 1.008 | D14: 0.076
A15: 0.092 | B15: -0.011 | C15: 1.011 | D15: 0.074
... A2795: 13.483 | B2795: 0.338 | C2795: 0.964 | D2795: 0.24

Sheet 02_Eingaben
B1: Eingaben und abgeleitete Groessen
B3: Angaben zur Messung
B4: Gruppe / Name | C4: Musterloesung (Seminardatensatz) | E4: frei
B5: Datum der Aufnahme | C5: uebernommen aus Rohdaten_CMJ_Smartphone_Originalauswertung.xlsx | E5: frei
B7: Person und Konstanten
B8: Koerpermasse m | C8: 88.3 | D8: [kg] | E8: Masse der springenden Person, inklusive Kleidung und Smartphone.
B9: Erdbeschleunigung g | C9: 9.81 | D9: [m/s²] | E9: Konstante.
B10: Gewichtskraft GF = m · g | C10: =C8*C9 | D10: [N] | E10: Bezugslinie fuer die Nettokraft.
B12: Aufbereitung der Rohdaten
B13: Vertikalachse (1 = a_x, 2 = a_y, 3 = a_z) | C13: 2 | E13: Die Achse, die im ruhigen Stand etwa 9,81 m/s² bzw. 1 g anzeigt. Zur Kontrolle Zeile 20 pruefen.
B14: Einheit der Rohdaten | C14: g | E14: „m/s2“ wenn phyphox in m/s² exportiert, „g“ wenn in Vielfachen von g.
B15: Umrechnungsfaktor | C15: =IF(C14="g",C9,1) | E15: automatisch aus Zeile 14.
B16: Glaettungsfenster (ungerade Anzahl Werte) | C16: 9 | E16: Zentrierter gleitender Mittelwert. 1 = keine Glaettung. Der gewaehlte Wert ist zu dokumentieren.
B17: halbes Fenster | C17: =ROUNDDOWN((C16-1)/2,0) | E17: automatisch.
B18: Schwelle Flugphase (Anteil von GF) | C18: 0.1 | E18: Unterschreitet die geglaettete Kraft diesen Anteil der Gewichtskraft, gilt die Phase als Flugphase. 0,10 ist ein bewaehrter Startwert und ausdruecklich Gegenstand von Ergaenzungsaufgabe I1.
B20: Automatisch aus den Rohdaten
B21: Anzahl Datenpunkte n | C21: =COUNT('01_Rohdaten'!A2:A3001)
B22: Dauer der Aufnahme | C22: =IF(C21<2,"",INDEX('01_Rohdaten'!A2:A3001,C21)-'01_Rohdaten'!A2) | D22: [s]
B23: mittleres Zeitintervall dt | C23: =IF(C21<2,"",C22/(C21-1)) | D23: [s]
B24: Abtastrate | C24: =IF(C23="","",1/C23) | D24: [Hz]
B25: gemessene Ruhekraft (erste 0,5 s) | C25: =IF(C21<10,"",AVERAGE('03_Auswertung'!E2:E50)) | D25: [N] | E25: Plausibilitaetspruefung: Dieser Wert sollte nahe bei GF (Zeile 10) liegen. Weicht er stark ab, stimmen Achse, Einheit oder Masse nicht – oder die Aufnahme wurde OHNE g gemacht.
B26: Abweichung Ruhekraft zu GF | C26: =IF(C25="","",C25-C10) | D26: [N] | E26: Betraege ueber etwa 50 N sind ein Warnsignal.
B28: Sprungintervall
B29: Beginn der Bewegung (Zeit) | C29: 5.31 | D29: [s] | E29: Beginn der Schwungholbewegung, aus dem Signalverlauf ablesen. Ab hier wird der Nettoimpuls aufsummiert. Leer lassen = ab Aufnahmebeginn.
B30: Absprung (TakeOff) automatisch | C30: =IFERROR(MINIFS('03_Auswertung'!B2:B3001,'03_Auswertung'!H2:H3001,1),"") | D30: [s]
B31: Landung (TouchDown) automatisch | C31: =IFERROR(MAXIFS('03_Auswertung'!B2:B3001,'03_Auswertung'!H2:H3001,1),"") | D31: [s]
B32: Absprung manuell (optional) | D32: [s] | E32: Nur ausfuellen, wenn die automatische Erkennung nicht passt oder MINWENNS nicht verfuegbar ist.
B33: Landung manuell (optional) | D33: [s] | E33: wie oben.
B34: verwendeter Absprung | C34: =IF(C32<>"",C32,C30) | D34: [s] | E34: manueller Wert hat Vorrang.
B35: verwendete Landung | C35: =IF(C33<>"",C33,C31) | D35: [s] | E35: manueller Wert hat Vorrang.
B36: verwendeter Bewegungsbeginn | C36: =IF(C29<>"",C29,'01_Rohdaten'!A2) | D36: [s]

Sheet 03_Auswertung
A1: Nr. | B1: Zeit t [s] | C1: a roh (gew. Achse) | D1: a [m/s²] | E1: F_z [N] | F1: F_z geglaettet [N] | G1: Nettokraft F−GF [N] | H1: Flugphase (1/0) | I1: Teilimpuls Trapez [Ns] | J1: v kumuliert [m/s] | K1: Dieses Blatt rechnet automatisch. Bitte nichts eintragen.
A2: =IF('01_Rohdaten'!A2="","",ROW()-1) | B2: =IF('01_Rohdaten'!A2="","",'01_Rohdaten'!A2) | C2: =IF(B2="","",INDEX('01_Rohdaten'!B2:D2,'02_Eingaben'!$C$13)) | D2: =IF(C2="","",C2*'02_Eingaben'!$C$15) | E2: =IF(D2="","",D2*'02_Eingaben'!$C$8) | F2: =IF(E2="","",AVERAGE(INDEX($E$2:$E$3001,MAX(1,ROW()-1-'02_Eingaben'!$C$17)):INDEX($E$2:$E$3001,MIN('02_Eingaben'!$C$21,ROW()-1+'02_Eingaben'!$C$17)))) | G2: =IF(F2="","",F2-'02_Eingaben'!$C$10) | H2: =IF(F2="","",IF(F2<'02_Eingaben'!$C$18*'02_Eingaben'!$C$10,1,0)) | I2: =IF(OR(G2="",G3=""),"",(G2+G3)/2*(B3-B2)) | J2: =IF(B2="","",0)
A3: =IF('01_Rohdaten'!A3="","",ROW()-1) | B3: =IF('01_Rohdaten'!A3="","",'01_Rohdaten'!A3) | C3: =IF(B3="","",INDEX('01_Rohdaten'!B3:D3,'02_Eingaben'!$C$13)) | D3: =IF(C3="","",C3*'02_Eingaben'!$C$15) | E3: =IF(D3="","",D3*'02_Eingaben'!$C$8) | F3: =IF(E3="","",AVERAGE(INDEX($E$2:$E$3001,MAX(1,ROW()-1-'02_Eingaben'!$C$17)):INDEX($E$2:$E$3001,MIN('02_Eingaben'!$C$21,ROW()-1+'02_Eingaben'!$C$17)))) | G3: =IF(F3="","",F3-'02_Eingaben'!$C$10) | H3: =IF(F3="","",IF(F3<'02_Eingaben'!$C$18*'02_Eingaben'!$C$10,1,0)) | I3: =IF(OR(G3="",G4=""),"",(G3+G4)/2*(B4-B3)) | J3: =IF(B3="","",IF(B2<'02_Eingaben'!$C$36,0,J2+I2/'02_Eingaben'!$C$8))
A4: =IF('01_Rohdaten'!A4="","",ROW()-1) | B4: =IF('01_Rohdaten'!A4="","",'01_Rohdaten'!A4) | C4: =IF(B4="","",INDEX('01_Rohdaten'!B4:D4,'02_Eingaben'!$C$13)) | D4: =IF(C4="","",C4*'02_Eingaben'!$C$15) | E4: =IF(D4="","",D4*'02_Eingaben'!$C$8) | F4: =IF(E4="","",AVERAGE(INDEX($E$2:$E$3001,MAX(1,ROW()-1-'02_Eingaben'!$C$17)):INDEX($E$2:$E$3001,MIN('02_Eingaben'!$C$21,ROW()-1+'02_Eingaben'!$C$17)))) | G4: =IF(F4="","",F4-'02_Eingaben'!$C$10) | H4: =IF(F4="","",IF(F4<'02_Eingaben'!$C$18*'02_Eingaben'!$C$10,1,0)) | I4: =IF(OR(G4="",G5=""),"",(G4+G5)/2*(B5-B4)) | J4: =IF(B4="","",IF(B3<'02_Eingaben'!$C$36,0,J3+I3/'02_Eingaben'!$C$8))
A5: =IF('01_Rohdaten'!A5="","",ROW()-1) | B5: =IF('01_Rohdaten'!A5="","",'01_Rohdaten'!A5) | C5: =IF(B5="","",INDEX('01_Rohdaten'!B5:D5,'02_Eingaben'!$C$13)) | D5: =IF(C5="","",C5*'02_Eingaben'!$C$15) | E5: =IF(D5="","",D5*'02_Eingaben'!$C$8) | F5: =IF(E5="","",AVERAGE(INDEX($E$2:$E$3001,MAX(1,ROW()-1-'02_Eingaben'!$C$17)):INDEX($E$2:$E$3001,MIN('02_Eingaben'!$C$21,ROW()-1+'02_Eingaben'!$C$17)))) | G5: =IF(F5="","",F5-'02_Eingaben'!$C$10) | H5: =IF(F5="","",IF(F5<'02_Eingaben'!$C$18*'02_Eingaben'!$C$10,1,0)) | I5: =IF(OR(G5="",G6=""),"",(G5+G6)/2*(B6-B5)) | J5: =IF(B5="","",IF(B4<'02_Eingaben'!$C$36,0,J4+I4/'02_Eingaben'!$C$8))
A6: =IF('01_Rohdaten'!A6="","",ROW()-1) | B6: =IF('01_Rohdaten'!A6="","",'01_Rohdaten'!A6) | C6: =IF(B6="","",INDEX('01_Rohdaten'!B6:D6,'02_Eingaben'!$C$13)) | D6: =IF(C6="","",C6*'02_Eingaben'!$C$15) | E6: =IF(D6="","",D6*'02_Eingaben'!$C$8) | F6: =IF(E6="","",AVERAGE(INDEX($E$2:$E$3001,MAX(1,ROW()-1-'02_Eingaben'!$C$17)):INDEX($E$2:$E$3001,MIN('02_Eingaben'!$C$21,ROW()-1+'02_Eingaben'!$C$17)))) | G6: =IF(F6="","",F6-'02_Eingaben'!$C$10) | H6: =IF(F6="","",IF(F6<'02_Eingaben'!$C$18*'02_Eingaben'!$C$10,1,0)) | I6: =IF(OR(G6="",G7=""),"",(G6+G7)/2*(B7-B6)) | J6: =IF(B6="","",IF(B5<'02_Eingaben'!$C$36,0,J5+I5/'02_Eingaben'!$C$8))
A7: =IF('01_Rohdaten'!A7="","",ROW()-1) | B7: =IF('01_Rohdaten'!A7="","",'01_Rohdaten'!A7) | C7: =IF(B7="","",INDEX('01_Rohdaten'!B7:D7,'02_Eingaben'!$C$13)) | D7: =IF(C7="","",C7*'02_Eingaben'!$C$15) | E7: =IF(D7="","",D7*'02_Eingaben'!$C$8) | F7: =IF(E7="","",AVERAGE(INDEX($E$2:$E$3001,MAX(1,ROW()-1-'02_Eingaben'!$C$17)):INDEX($E$2:$E$3001,MIN('02_Eingaben'!$C$21,ROW()-1+'02_Eingaben'!$C$17)))) | G7: =IF(F7="","",F7-'02_Eingaben'!$C$10) | H7: =IF(F7="","",IF(F7<'02_Eingaben'!$C$18*'02_Eingaben'!$C$10,1,0)) | I7: =IF(OR(G7="",G8=""),"",(G7+G8)/2*(B8-B7)) | J7: =IF(B7="","",IF(B6<'02_Eingaben'!$C$36,0,J6+I6/'02_Eingaben'!$C$8))
A8: =IF('01_Rohdaten'!A8="","",ROW()-1) | B8: =IF('01_Rohdaten'!A8="","",'01_Rohdaten'!A8) | C8: =IF(B8="","",INDEX('01_Rohdaten'!B8:D8,'02_Eingaben'!$C$13)) | D8: =IF(C8="","",C8*'02_Eingaben'!$C$15) | E8: =IF(D8="","",D8*'02_Eingaben'!$C$8) | F8: =IF(E8="","",AVERAGE(INDEX($E$2:$E$3001,MAX(1,ROW()-1-'02_Eingaben'!$C$17)):INDEX($E$2:$E$3001,MIN('02_Eingaben'!$C$21,ROW()-1+'02_Eingaben'!$C$17)))) | G8: =IF(F8="","",F8-'02_Eingaben'!$C$10) | H8: =IF(F8="","",IF(F8<'02_Eingaben'!$C$18*'02_Eingaben'!$C$10,1,0)) | I8: =IF(OR(G8="",G9=""),"",(G8+G9)/2*(B9-B8)) | J8: =IF(B8="","",IF(B7<'02_Eingaben'!$C$36,0,J7+I7/'02_Eingaben'!$C$8))
A9: =IF('01_Rohdaten'!A9="","",ROW()-1) | B9: =IF('01_Rohdaten'!A9="","",'01_Rohdaten'!A9) | C9: =IF(B9="","",INDEX('01_Rohdaten'!B9:D9,'02_Eingaben'!$C$13)) | D9: =IF(C9="","",C9*'02_Eingaben'!$C$15) | E9: =IF(D9="","",D9*'02_Eingaben'!$C$8) | F9: =IF(E9="","",AVERAGE(INDEX($E$2:$E$3001,MAX(1,ROW()-1-'02_Eingaben'!$C$17)):INDEX($E$2:$E$3001,MIN('02_Eingaben'!$C$21,ROW()-1+'02_Eingaben'!$C$17)))) | G9: =IF(F9="","",F9-'02_Eingaben'!$C$10) | H9: =IF(F9="","",IF(F9<'02_Eingaben'!$C$18*'02_Eingaben'!$C$10,1,0)) | I9: =IF(OR(G9="",G10=""),"",(G9+G10)/2*(B10-B9)) | J9: =IF(B9="","",IF(B8<'02_Eingaben'!$C$36,0,J8+I8/'02_Eingaben'!$C$8))
A10: =IF('01_Rohdaten'!A10="","",ROW()-1) | B10: =IF('01_Rohdaten'!A10="","",'01_Rohdaten'!A10) | C10: =IF(B10="","",INDEX('01_Rohdaten'!B10:D10,'02_Eingaben'!$C$13)) | D10: =IF(C10="","",C10*'02_Eingaben'!$C$15) | E10: =IF(D10="","",D10*'02_Eingaben'!$C$8) | F10: =IF(E10="","",AVERAGE(INDEX($E$2:$E$3001,MAX(1,ROW()-1-'02_Eingaben'!$C$17)):INDEX($E$2:$E$3001,MIN('02_Eingaben'!$C$21,ROW()-1+'02_Eingaben'!$C$17)))) | G10: =IF(F10="","",F10-'02_Eingaben'!$C$10) | H10: =IF(F10="","",IF(F10<'02_Eingaben'!$C$18*'02_Eingaben'!$C$10,1,0)) | I10: =IF(OR(G10="",G11=""),"",(G10+G11)/2*(B11-B10)) | J10: =IF(B10="","",IF(B9<'02_Eingaben'!$C$36,0,J9+I9/'02_Eingaben'!$C$8))
A11: =IF('01_Rohdaten'!A11="","",ROW()-1) | B11: =IF('01_Rohdaten'!A11="","",'01_Rohdaten'!A11) | C11: =IF(B11="","",INDEX('01_Rohdaten'!B11:D11,'02_Eingaben'!$C$13)) | D11: =IF(C11="","",C11*'02_Eingaben'!$C$15) | E11: =IF(D11="","",D11*'02_Eingaben'!$C$8) | F11: =IF(E11="","",AVERAGE(INDEX($E$2:$E$3001,MAX(1,ROW()-1-'02_Eingaben'!$C$17)):INDEX($E$2:$E$3001,MIN('02_Eingaben'!$C$21,ROW()-1+'02_Eingaben'!$C$17)))) | G11: =IF(F11="","",F11-'02_Eingaben'!$C$10) | H11: =IF(F11="","",IF(F11<'02_Eingaben'!$C$18*'02_Eingaben'!$C$10,1,0)) | I11: =IF(OR(G11="",G12=""),"",(G11+G12)/2*(B12-B11)) | J11: =IF(B11="","",IF(B10<'02_Eingaben'!$C$36,0,J10+I10/'02_Eingaben'!$C$8))
A12: =IF('01_Rohdaten'!A12="","",ROW()-1) | B12: =IF('01_Rohdaten'!A12="","",'01_Rohdaten'!A12) | C12: =IF(B12="","",INDEX('01_Rohdaten'!B12:D12,'02_Eingaben'!$C$13)) | D12: =IF(C12="","",C12*'02_Eingaben'!$C$15) | E12: =IF(D12="","",D12*'02_Eingaben'!$C$8) | F12: =IF(E12="","",AVERAGE(INDEX($E$2:$E$3001,MAX(1,ROW()-1-'02_Eingaben'!$C$17)):INDEX($E$2:$E$3001,MIN('02_Eingaben'!$C$21,ROW()-1+'02_Eingaben'!$C$17)))) | G12: =IF(F12="","",F12-'02_Eingaben'!$C$10) | H12: =IF(F12="","",IF(F12<'02_Eingaben'!$C$18*'02_Eingaben'!$C$10,1,0)) | I12: =IF(OR(G12="",G13=""),"",(G12+G13)/2*(B13-B12)) | J12: =IF(B12="","",IF(B11<'02_Eingaben'!$C$36,0,J11+I11/'02_Eingaben'!$C$8))
A13: =IF('01_Rohdaten'!A13="","",ROW()-1) | B13: =IF('01_Rohdaten'!A13="","",'01_Rohdaten'!A13) | C13: =IF(B13="","",INDEX('01_Rohdaten'!B13:D13,'02_Eingaben'!$C$13)) | D13: =IF(C13="","",C13*'02_Eingaben'!$C$15) | E13: =IF(D13="","",D13*'02_Eingaben'!$C$8) | F13: =IF(E13="","",AVERAGE(INDEX($E$2:$E$3001,MAX(1,ROW()-1-'02_Eingaben'!$C$17)):INDEX($E$2:$E$3001,MIN('02_Eingaben'!$C$21,ROW()-1+'02_Eingaben'!$C$17)))) | G13: =IF(F13="","",F13-'02_Eingaben'!$C$10) | H13: =IF(F13="","",IF(F13<'02_Eingaben'!$C$18*'02_Eingaben'!$C$10,1,0)) | I13: =IF(OR(G13="",G14=""),"",(G13+G14)/2*(B14-B13)) | J13: =IF(B13="","",IF(B12<'02_Eingaben'!$C$36,0,J12+I12/'02_Eingaben'!$C$8))
A14: =IF('01_Rohdaten'!A14="","",ROW()-1) | B14: =IF('01_Rohdaten'!A14="","",'01_Rohdaten'!A14) | C14: =IF(B14="","",INDEX('01_Rohdaten'!B14:D14,'02_Eingaben'!$C$13)) | D14: =IF(C14="","",C14*'02_Eingaben'!$C$15) | E14: =IF(D14="","",D14*'02_Eingaben'!$C$8) | F14: =IF(E14="","",AVERAGE(INDEX($E$2:$E$3001,MAX(1,ROW()-1-'02_Eingaben'!$C$17)):INDEX($E$2:$E$3001,MIN('02_Eingaben'!$C$21,ROW()-1+'02_Eingaben'!$C$17)))) | G14: =IF(F14="","",F14-'02_Eingaben'!$C$10) | H14: =IF(F14="","",IF(F14<'02_Eingaben'!$C$18*'02_Eingaben'!$C$10,1,0)) | I14: =IF(OR(G14="",G15=""),"",(G14+G15)/2*(B15-B14)) | J14: =IF(B14="","",IF(B13<'02_Eingaben'!$C$36,0,J13+I13/'02_Eingaben'!$C$8))
... A3000: =IF('01_Rohdaten'!A3000="","",ROW()-1) | B3000: =IF('01_Rohdaten'!A3000="","",'01_Rohdaten'!A3000) | C3000: =IF(B3000="","",INDEX('01_Rohdaten'!B3000:D3000,'02_Eingaben'!$C$13)) | D3000: =IF(C3000="","",C3000*'02_Eingaben'!$C$15) | E3000: =IF(D3000="","",D3000*'02_Eingaben'!$C$8) | F3000: =IF(E3000="","",AVERAGE(INDEX($E$2:$E$3001,MAX(1,ROW()-1-'02_Eingaben'!$C$17)):INDEX($E$2:$E$3001,MIN('02_Eingaben'!$C$21,ROW()-1+'02_Eingaben'!$C$17)))) | G3000: =IF(F3000="","",F3000-'02_Eingaben'!$C$10) | H3000: =IF(F3000="","",IF(F3000<'02_Eingaben'!$C$18*'02_Eingaben'!$C$10,1,0)) | I3000: =IF(OR(G3000="",G3001=""),"",(G3000+G3001)/2*(B3001-B3000)) | J3000: =IF(B3000="","",IF(B2999<'02_Eingaben'!$C$36,0,J2999+I2999/'02_Eingaben'!$C$8))
A3001: =IF('01_Rohdaten'!A3001="","",ROW()-1) | B3001: =IF('01_Rohdaten'!A3001="","",'01_Rohdaten'!A3001) | C3001: =IF(B3001="","",INDEX('01_Rohdaten'!B3001:D3001,'02_Eingaben'!$C$13)) | D3001: =IF(C3001="","",C3001*'02_Eingaben'!$C$15) | E3001: =IF(D3001="","",D3001*'02_Eingaben'!$C$8) | F3001: =IF(E3001="","",AVERAGE(INDEX($E$2:$E$3001,MAX(1,ROW()-1-'02_Eingaben'!$C$17)):INDEX($E$2:$E$3001,MIN('02_Eingaben'!$C$21,ROW()-1+'02_Eingaben'!$C$17)))) | G3001: =IF(F3001="","",F3001-'02_Eingaben'!$C$10) | H3001: =IF(F3001="","",IF(F3001<'02_Eingaben'!$C$18*'02_Eingaben'!$C$10,1,0)) | I3001: ="" | J3001: =IF(B3001="","",IF(B3000<'02_Eingaben'!$C$36,0,J3000+I3000/'02_Eingaben'!$C$8))

Sheet 04_Ergebnis
B1: Ergebnis: Sprunghoehe auf zwei Wegen
B3: Methode A – Sprunghoehe aus der Flugzeit
B4: Absprung (TakeOff) | C4: ='02_Eingaben'!C34 | D4: [s]
B5: Landung (TouchDown) | C5: ='02_Eingaben'!C35 | D5: [s]
B6: Flugzeit t_Flug | C6: =IF(OR(C4="",C5=""),"",C5-C4) | D6: [s]
B7: Sprunghoehe h_A | C7: =IF(C6="","",'02_Eingaben'!C9*C6^2/8) | D7: [m] | E7: h = g · t_Flug² / 8. Setzt voraus, dass die Koerperhaltung bei Absprung und Landung gleich ist.
B8: Sprunghoehe h_A | C8: =IF(C7="","",C7*100) | D8: [cm]
B10: Methode B – Sprunghoehe aus dem Nettoimpuls
B11: Beginn der Aufsummierung | C11: ='02_Eingaben'!C36 | D11: [s]
B12: Nettoimpuls J (Trapezregel) | C12: =IF(OR(C11="",C4=""),"",SUMIFS('03_Auswertung'!I2:I3001,'03_Auswertung'!B2:B3001,">="&C11,'03_Auswertung'!B2:B3001,"<"&C4)) | D12: [Ns] | E12: Flaeche unter der Nettokraftkurve vom Bewegungsbeginn bis zum Absprung.
B13: Absprunggeschwindigkeit v | C13: =IF(C12="","",C12/'02_Eingaben'!C8) | D13: [m/s] | E13: v = J / m
B14: Sprunghoehe h_B | C14: =IF(C13="","",C13^2/(2*'02_Eingaben'!C9)) | D14: [m] | E14: h = v² / (2g)
B15: Sprunghoehe h_B | C15: =IF(C14="","",C14*100) | D15: [cm]
B17: Vergleich beider Methoden
B18: Differenz h_B − h_A | C18: =IF(OR(C8="",C15=""),"",C15-C8) | D18: [cm]
B19: relative Abweichung | C19: =IF(OR(C8="",C15="",C8=0),"",(C15-C8)/C8) | E19: Abweichungen von 20 bis 40 Prozent sind bei Smartphone-Sensorik nicht ungewoehnlich. Die Aufgabe verlangt eine Begruendung, keine Uebereinstimmung.
B21: Kontrolle der Anfangsbedingung und Gueltigkeit des Versuchs
B22: Die Impulsmethode ist ein Anfangswertproblem: Die Aufsummierung MUSS zu einem Zeitpunkt beginnen, an dem die Person nachweislich ruht (v = 0). Ob das zutrifft, entscheiden nicht Sie, sondern die Daten. Die folgenden vier Kontrollen pruefen das – und sind zugleich die Kriterien dafuer, ob der Versuch ueberhaupt gueltig ist.
B25: K1 Ruhe vor dem Start | C25: =IFERROR(AVERAGEIFS('03_Auswertung'!J2:J3001,'03_Auswertung'!B2:B3001,">="&C11-1,'03_Auswertung'!B2:B3001,"<"&C11),"") | D25: [m/s] | E25: Mittlere Geschwindigkeit in der Sekunde VOR dem gewaehlten Beginn. Muss nahe 0 liegen. Ist der Betrag groesser als etwa 0,05 m/s, ruhte die Person nicht – Beginn verschieben oder Versuch verwerfen.
B26: K2 Rueckkehr zur Ruhe nach der Landung | C26: =IFERROR(AVERAGEIFS('03_Auswertung'!J2:J3001,'03_Auswertung'!B2:B3001,">="&C5+0.5,'03_Auswertung'!B2:B3001,"<="&C5+1.5),"") | D26: [m/s] | E26: Eine Sekunde nach der Landung muss die Geschwindigkeit wieder nahe 0 sein. Tut sie das, ist die Integration ueber den gesamten Datensatz konsistent und die Basislinie stimmt. Driftet der Wert weg, ist die Gewichtskraft falsch angesetzt.
B27: K3 Symmetrie Absprung / Landung | C27: =IFERROR(LOOKUP(C5,'03_Auswertung'!B2:B3001,'03_Auswertung'!J2:J3001)+LOOKUP(C4,'03_Auswertung'!B2:B3001,'03_Auswertung'!J2:J3001),"") | D27: [m/s] | E27: v(Landung) + v(Absprung). Physikalisch muss diese Summe 0 sein, denn der Koerper landet mit dem Betrag der Absprunggeschwindigkeit. Was hier uebrig bleibt, ist der Messfehler des Sensors – nicht der Integration. Er zeigt, wie weit sich der Sensorpunkt anders bewegt als der Koerperschwerpunkt.
B28: K4 Tiefste Gegenbewegung | C28: =IFERROR(MINIFS('03_Auswertung'!J2:J3001,'03_Auswertung'!B2:B3001,">="&C11,'03_Auswertung'!B2:B3001,"<"&C4),"") | D28: [m/s] | E28: Kleinste (negative) Geschwindigkeit zwischen Beginn und Absprung. Beim COUNTERMOVEMENT JUMP muss dieser Wert deutlich negativ sein – das ist die Gegenbewegung. Beim SQUAT JUMP muss er nahe 0 liegen; ist er deutlich negativ, hat die Person unerlaubt ausgeholt und der Versuch ist ungueltig.
B30: Sprungform (fuer die Auswertung von K4) | C30: CMJ | E30: CMJ = mit Gegenbewegung, SJ = aus dem statischen Halbhockstand ohne Gegenbewegung.
B31: Urteil zu K4 | C31: =IF(C28="","",IF(C30="CMJ",IF(C28<-0.3,"gueltig: Gegenbewegung vorhanden","pruefen: kaum Gegenbewegung erkennbar"),IF(C28>-0.15,"gueltig: keine Gegenbewegung","UNGUELTIG: Gegenbewegung im Squat Jump"))) | E31: Die Schwellen -0,30 m/s und -0,15 m/s sind pragmatische Startwerte fuer den Seminargebrauch und ausdruecklich zur Diskussion gestellt.
B33: Pflichtdokumentation (Teil der Loesung)
B34: Glaettungsfenster (Anzahl Werte) | C34: ='02_Eingaben'!C16 | E34: aus Blatt 02_Eingaben.
B35: Begruendung des Fensters | C35: 9 Werte bei rund 208 Hz entsprechen etwa 43 ms. Das glaettet das Sensorrauschen, laesst den Kraftanstieg beim Abdruck aber klar erkennbar. Bei 25 Werten verschieben sich Absprung- und Landezeitpunkt bereits sichtbar; die Flugzeit sinkt dann von 0,460 s auf 0,449 s. | E35: Warum dieses Fenster? Was passiert bei einem deutlich groesseren oder kleineren Fenster?
B36: Gewaehltes Sprungintervall | C36: Aufsummiert ab t = 5.310 s bis zum Absprung bei t = 6.283 s. Der Startzeitpunkt wurde nicht geschaetzt, sondern ueber Kontrolle K1 belegt: In der Sekunde davor liegt die mittlere Geschwindigkeit bei rund 0,00 m/s, die Person ruht dort also nachweislich. Zum zweiten zulaessigen Startpunkt siehe die Begruendung der Abweichung. | E36: Von wann bis wann wurde aufsummiert und woran wurde der Beginn erkannt?
B37: Sensorlage am Koerper | C37: Smartphone rumpfnah am Guertel fixiert, Display zum Koerper. | E37: Wo genau sass das Smartphone? Rumpfnah oder guertelnah ist deutlich guenstiger als in der Hosentasche.
B38: Verwendetes phyphox-Experiment | C38: phyphox 'Beschleunigung mit g', Achse a_y, Rohdaten in Vielfachen von g. | E38: Muss eine Aufnahme MIT g sein.
B39: Modellannahmen | C39: Punktmasse; der Sensorpunkt bewegt sich naeherungsweise wie der Koerperschwerpunkt; kein Luftwiderstand; die aus der Beschleunigung abgeleitete Kraft ersetzt keine Kraftmessplatte. Hinweis: Die Sprunghoehe nach Methode B haengt nicht von der eingetragenen Masse ab, weil sich die Masse in v = J/m gegen die Masse im Impuls herauskuerzt. Die Masse wird nur fuer die Anzeige des Impulses in Newtonsekunden gebraucht. | E39: Zum Beispiel: Punktmasse, starrer Koerper, Sensor bewegt sich wie der Koerperschwerpunkt, kein Luftwiderstand.
B40: Begruendung der Abweichung | C40: Die Abweichung hat zwei klar trennbare Anteile. 1. Anfangswertanteil. Die Integration ist ein Anfangswertproblem: Sie braucht einen Zeitpunkt mit v = 0. Beim Countermovement Jump gibt es davon zwei zulaessige. Erstens den ruhigen Stand vor der Gegenbewegung (hier t = 5.31 s), zweitens den tiefsten Punkt der Gegenbewegung (hier t = 6.08 s), an dem die Geschwindigkeit ihr Vorzeichen wechselt und damit ebenfalls null ist. Beide Startpunkte sind physikalisch korrekt, liefern hier aber unterschiedliche Werte: 39.2 cm ab ruhigem Stand gegenueber 34.9 cm ab tiefstem Punkt. Die Differenz von rund 4 cm ist der ueber die lange Gegenbewegungsphase aufsummierte Messfehler. Der kuerzere Integrationsweg ist deshalb der belastbarere. Beim Squat Jump entfaellt diese Wahl: Dort gibt es nur einen Startpunkt, den statischen Halbhockstand - weshalb dort beide Methoden naeher beieinander liegen sollten. Das ist im Seminar eine gute Vorhersage zum Nachpruefen. 2. Sensoranteil. Was danach uebrig bleibt, zeigt Kontrolle K3: v(Absprung) = +2.77 m/s, v(Landung) = -2.08 m/s. Physikalisch muessten beide Betraege gleich sein. Die verbleibende Differenz von +0.70 m/s ist der Messfehler des Sensors und nicht der Integration: Ein am Rumpf getragenes Smartphone misst die Beschleunigung genau dieses Koerperpunkts, der sich waehrend Streckung und Flugphase anders bewegt als der Koerperschwerpunkt. Im Flug zeigt der Sensor im Mittel -10.41 statt -9,81 m/s2, also 6 Prozent daneben. 3. Was NICHT die Ursache ist. Kontrolle K2 belegt, dass die Geschwindigkeit eine Sekunde nach der Landung wieder bei +0.05 m/s liegt. Die Integration driftet also nicht und die Bezugslinie stimmt. Ein Basislinien- oder Rechenfehler scheidet damit aus. Konsequenz fuer den Unterricht: Die Flugzeitmethode ist hier der belastbarere Wert. Die Impulsmethode ist fachlich reicher, weil sie Kraft, Flaeche, Geschwindigkeit und Anfangsbedingung verknuepft - sie verlangt aber, dass der Startzeitpunkt begruendet und nicht geraten wird. | E40: Signalrauschen, Glaettung, Wahl des Intervalls, Sensorlage, Abweichung Sensor zu Koerperschwerpunkt.
B42: Fehlersuche in vier Schritten, wenn h_A und h_B weit auseinanderliegen
B43: Arbeiten Sie die Kontrollen K1 bis K4 der Reihe nach ab. Sie trennen sauber, WELCHE Ursache vorliegt. 1. K2 zuerst. Kehrt die Geschwindigkeit nach der Landung nicht auf nahe 0 zurueck, ist die Bezugslinie falsch: Achse, Einheit oder Koerpermasse pruefen (Blatt 02_Eingaben, Zeile 13, 14, 8) und die Ruhekraft in Zeile 25 mit der Gewichtskraft in Zeile 10 vergleichen. Solange K2 nicht stimmt, ist jede weitere Deutung sinnlos. 2. Dann K1. Ist der Betrag groesser als etwa 0,05 m/s, ruhte die Person zum gewaehlten Startzeitpunkt nicht. Verschieben Sie den Bewegungsbeginn in einen Abschnitt, in dem K1 nahe 0 liegt. Das ist der eigentliche Kern der Aufgabe: Die Integration braucht einen Zeitpunkt mit v = 0, und dieser Zeitpunkt ist nicht frei waehlbar, sondern muss aus den Daten belegt werden. 3. Zweiter zulaessiger Startpunkt. Beim Countermovement Jump ist die Geschwindigkeit auch am tiefsten Punkt der Gegenbewegung kurz null – dort, wo die Kurve in Spalte J von negativ nach positiv wechselt. Von dort aus zu integrieren ist physikalisch genauso richtig und benoetigt ein viel kuerzeres Fenster. Vergleichen Sie beide Startpunkte: Stimmen die Ergebnisse ueberein, ist die Integration in Ordnung. 4. Erst jetzt K3. Was nach den Schritten 1 bis 3 an Abweichung uebrig bleibt, ist kein Rechenfehler, sondern der Messfehler des Sensors: Ein am Rumpf getragenes Smartphone misst nicht die Bodenreaktionskraft, sondern die Beschleunigung dieses einen Koerperpunkts, der sich waehrend Streckung und Flugphase anders bewegt als der Koerperschwerpunkt. K3 beziffert genau diesen Anteil.

Sheet 05_Diagramme
B1: Grafische Auswertung
B2: Die beiden Diagramme rechnen automatisch mit, sobald auf Blatt 01_Rohdaten Daten stehen. Sie sind Teil der Loesung und gehoeren in die Abgabe. Beide beziehen sich auf dieselbe Zeitachse, lassen sich also unmittelbar uebereinander lesen.
B5: Diagramm 1 – Kraft-Zeit-Verlauf
B6: Zu erkennen sind: die waagerechte Ruhephase auf Hoehe der Gewichtskraft, das Absinken waehrend der Entlastung, der steile Anstieg beim Abdruck, der Einbruch gegen null waehrend der Flugphase und der Landungsstoss. Tragen Sie in Ihrer Abgabe ein, wo Sie Absprung und Landung ablesen.
B24: Diagramm 2 – Geschwindigkeitsverlauf
B25: Dies ist die aufsummierte Geschwindigkeit ab dem gewaehlten Bewegungsbeginn. Hier lassen sich die Kontrollen K1 bis K4 unmittelbar ablesen: Die Kurve muss vor dem Start bei null liegen, beim Countermovement Jump ins Negative gehen (Gegenbewegung), am Absprung ihr Maximum erreichen und nach der Landung wieder auf null zurueckkehren. Beim Squat Jump darf es keinen negativen Abschnitt geben.
B47: Hinweis zur Achsenskalierung
B48: Bei langen Aufnahmen ist der Sprung im Gesamtbild klein. Zum genauen Ablesen den Zeitbereich im Diagramm eingrenzen: Rechtsklick auf die Rubrikenachse, dann Achse formatieren und den Bereich auf wenige Sekunden um den Sprung herum begrenzen. Alternativ auf Blatt 01_Rohdaten nur den interessierenden Ausschnitt einfuegen.
